run_name,final_train_accuracy,final_val_accuracy,final_train_loss,final_val_loss,lr,weight_decay,dropout,hidden_dim,layers_to_unfreeze,batch_size
run_001: lr: 0.0001 weight_decay: 0.0 dropout: 0.4 hidden_dim: 128 layers_to_unfreeze: 2 batch_size: 32,0.9574826352346874,0.9214145383104124,0.1098804216564542,0.264916161437517,0.0001,0.0,0.4,128,2,32
run_002: lr: 0.0001 weight_decay: 0.0 dropout: 0.4 hidden_dim: 128 layers_to_unfreeze: 2 batch_size: 64,0.96263944432751,0.925343811394892,0.0966503447989267,0.251602814333378,0.0001,0.0,0.4,128,2,64
run_003: lr: 0.0001 weight_decay: 0.0 dropout: 0.4 hidden_dim: 128 layers_to_unfreeze: 3 batch_size: 32,0.9672700484108608,0.9341846758349704,0.0873323381550875,0.2575021613616137,0.0001,0.0,0.4,128,3,32
run_004: lr: 0.0001 weight_decay: 0.0 dropout: 0.4 hidden_dim: 128 layers_to_unfreeze: 3 batch_size: 64,0.967059566407072,0.9336935166994106,0.0890207456848641,0.1986195359576661,0.0001,0.0,0.4,128,3,64
run_005: lr: 0.0001 weight_decay: 0.0 dropout: 0.4 hidden_dim: 256 layers_to_unfreeze: 2 batch_size: 32,0.9532729951589138,0.924852652259332,0.1213122176053874,0.2259729605438901,0.0001,0.0,0.4,256,2,32
run_006: lr: 0.0001 weight_decay: 0.0 dropout: 0.4 hidden_dim: 256 layers_to_unfreeze: 2 batch_size: 64,0.9624289623237212,0.9209233791748526,0.0976178531168988,0.2627006352884596,0.0001,0.0,0.4,256,2,64
run_007: lr: 0.0001 weight_decay: 0.0 dropout: 0.4 hidden_dim: 256 layers_to_unfreeze: 3 batch_size: 32,0.9735845085245212,0.93762278978389,0.0693248649382812,0.2538399487031232,0.0001,0.0,0.4,256,3,32
run_008: lr: 0.0001 weight_decay: 0.0 dropout: 0.4 hidden_dim: 256 layers_to_unfreeze: 3 batch_size: 64,0.9733740265207323,0.9332023575638506,0.0719427505723302,0.2672235990320067,0.0001,0.0,0.4,256,3,64
run_009: lr: 0.0001 weight_decay: 0.0 dropout: 0.5 hidden_dim: 128 layers_to_unfreeze: 2 batch_size: 32,0.956430225215744,0.9238703339882122,0.114172360975663,0.2327072213171507,0.0001,0.0,0.5,128,2,32
run_010: lr: 0.0001 weight_decay: 0.0 dropout: 0.5 hidden_dim: 128 layers_to_unfreeze: 2 batch_size: 64,0.9593769732687856,0.925343811394892,0.1060405348089839,0.260914063992341,0.0001,0.0,0.5,128,2,64
run_011: lr: 0.0001 weight_decay: 0.0 dropout: 0.5 hidden_dim: 128 layers_to_unfreeze: 3 batch_size: 32,0.9753736055567248,0.9336935166994106,0.0725323033286405,0.2473435781471621,0.0001,0.0,0.5,128,3,32
run_012: lr: 0.0001 weight_decay: 0.0 dropout: 0.5 hidden_dim: 128 layers_to_unfreeze: 3 batch_size: 64,0.9602189012839402,0.931237721021611,0.1023103766844313,0.2178554790193299,0.0001,0.0,0.5,128,3,64
run_013: lr: 0.0001 weight_decay: 0.0 dropout: 0.5 hidden_dim: 256 layers_to_unfreeze: 2 batch_size: 32,0.9609555882972004,0.9258349705304518,0.0990234013137955,0.2680553441578138,0.0001,0.0,0.5,256,2,32
run_014: lr: 0.0001 weight_decay: 0.0 dropout: 0.5 hidden_dim: 256 layers_to_unfreeze: 2 batch_size: 64,0.972005893496106,0.9223968565815324,0.0757858777397953,0.2582283705648598,0.0001,0.0,0.5,256,2,64
run_015: lr: 0.0001 weight_decay: 0.0 dropout: 0.5 hidden_dim: 256 layers_to_unfreeze: 3 batch_size: 32,0.9606398652915176,0.9292730844793712,0.0997062356916353,0.2142427674694122,0.0001,0.0,0.5,256,3,32
run_016: lr: 0.0001 weight_decay: 0.0 dropout: 0.5 hidden_dim: 256 layers_to_unfreeze: 3 batch_size: 64,0.979162281624921,0.9292730844793712,0.0562871128988752,0.2794857335758116,0.0001,0.0,0.5,256,3,64
run_017: lr: 0.0001 weight_decay: 0.0 dropout: 0.6 hidden_dim: 128 layers_to_unfreeze: 2 batch_size: 32,0.9537992001683856,0.9228880157170922,0.1232099790738472,0.2362500100683838,0.0001,0.0,0.6,128,2,32
run_018: lr: 0.0001 weight_decay: 0.0 dropout: 0.6 hidden_dim: 128 layers_to_unfreeze: 2 batch_size: 64,0.9646390233635024,0.9214145383104124,0.0953041159809953,0.2543110447278894,0.0001,0.0,0.6,128,2,64
run_019: lr: 0.0001 weight_decay: 0.0 dropout: 0.6 hidden_dim: 128 layers_to_unfreeze: 3 batch_size: 32,0.9644285413597136,0.9322200392927308,0.0949674864846313,0.2347381110422035,0.0001,0.0,0.6,128,3,32
run_020: lr: 0.0001 weight_decay: 0.0 dropout: 0.6 hidden_dim: 128 layers_to_unfreeze: 3 batch_size: 64,0.9634813723426646,0.9282907662082516,0.0933311466681213,0.2414036341933698,0.0001,0.0,0.6,128,3,64
run_021: lr: 0.0001 weight_decay: 0.0 dropout: 0.6 hidden_dim: 256 layers_to_unfreeze: 2 batch_size: 32,0.9696905914544306,0.9223968565815324,0.0838164866042749,0.2749332209467185,0.0001,0.0,0.6,256,2,32
run_022: lr: 0.0001 weight_decay: 0.0 dropout: 0.6 hidden_dim: 256 layers_to_unfreeze: 2 batch_size: 64,0.9566407072195326,0.9233791748526522,0.1110039119377584,0.2609397048214798,0.0001,0.0,0.6,256,2,64
run_023: lr: 0.0001 weight_decay: 0.0 dropout: 0.6 hidden_dim: 256 layers_to_unfreeze: 3 batch_size: 32,0.9736897495264154,0.9327111984282906,0.0731382348353776,0.2536877813384903,0.0001,0.0,0.6,256,3,32
run_024: lr: 0.0001 weight_decay: 0.0 dropout: 0.6 hidden_dim: 256 layers_to_unfreeze: 3 batch_size: 64,0.9569564302252156,0.9302554027504912,0.1095576626618168,0.2175266416432347,0.0001,0.0,0.6,256,3,64
run_025: lr: 0.0001 weight_decay: 0.0001 dropout: 0.4 hidden_dim: 128 layers_to_unfreeze: 2 batch_size: 32,0.9568511892233214,0.924852652259332,0.1122754094391038,0.2341881710560242,0.0001,0.0001,0.4,128,2,32
run_026: lr: 0.0001 weight_decay: 0.0001 dropout: 0.4 hidden_dim: 128 layers_to_unfreeze: 2 batch_size: 64,0.956114502210061,0.9223968565815324,0.1110166678931607,0.2423729266539538,0.0001,0.0001,0.4,128,2,64
run_027: lr: 0.0001 weight_decay: 0.0001 dropout: 0.4 hidden_dim: 128 layers_to_unfreeze: 3 batch_size: 32,0.9612713113028836,0.9332023575638506,0.101052758644014,0.2087285471659278,0.0001,0.0001,0.4,128,3,32
run_028: lr: 0.0001 weight_decay: 0.0001 dropout: 0.4 hidden_dim: 128 layers_to_unfreeze: 3 batch_size: 64,0.9667438434013892,0.9317288801571708,0.0883991675825024,0.2298828946583866,0.0001,0.0001,0.4,128,3,64
run_029: lr: 0.0001 weight_decay: 0.0001 dropout: 0.4 hidden_dim: 256 layers_to_unfreeze: 2 batch_size: 32,0.969795832456325,0.9282907662082516,0.0801214894324531,0.3105727843501127,0.0001,0.0001,0.4,256,2,32
run_030: lr: 0.0001 weight_decay: 0.0001 dropout: 0.4 hidden_dim: 256 layers_to_unfreeze: 2 batch_size: 64,0.967585771416544,0.9184675834970528,0.0809784300383819,0.3065054961178298,0.0001,0.0001,0.4,256,2,64
run_031: lr: 0.0001 weight_decay: 0.0001 dropout: 0.4 hidden_dim: 256 layers_to_unfreeze: 3 batch_size: 32,0.9622184803199326,0.9297642436149312,0.0985270472358299,0.2319025387109233,0.0001,0.0001,0.4,256,3,32
run_032: lr: 0.0001 weight_decay: 0.0001 dropout: 0.4 hidden_dim: 256 layers_to_unfreeze: 3 batch_size: 64,0.9608503472953062,0.9268172888015715,0.1010473328327924,0.2186056862645627,0.0001,0.0001,0.4,256,3,64
run_033: lr: 0.0001 weight_decay: 0.0001 dropout: 0.5 hidden_dim: 128 layers_to_unfreeze: 2 batch_size: 32,0.9668490844032834,0.9219056974459724,0.0855902663460093,0.2655182061296081,0.0001,0.0001,0.5,128,2,32
run_034: lr: 0.0001 weight_decay: 0.0001 dropout: 0.5 hidden_dim: 128 layers_to_unfreeze: 2 batch_size: 64,0.948642391075563,0.9199410609037328,0.1338713238036549,0.24749925843859,0.0001,0.0001,0.5,128,2,64
run_035: lr: 0.0001 weight_decay: 0.0001 dropout: 0.5 hidden_dim: 128 layers_to_unfreeze: 3 batch_size: 32,0.9546411281835404,0.9292730844793712,0.1185504925121472,0.2270255893585958,0.0001,0.0001,0.5,128,3,32
run_036: lr: 0.0001 weight_decay: 0.0001 dropout: 0.5 hidden_dim: 128 layers_to_unfreeze: 3 batch_size: 64,0.9737949905283098,0.9297642436149312,0.0736402162803339,0.2507575756206025,0.0001,0.0001,0.5,128,3,64
run_037: lr: 0.0001 weight_decay: 0.0001 dropout: 0.5 hidden_dim: 256 layers_to_unfreeze: 2 batch_size: 32,0.948642391075563,0.9223968565815324,0.1324274032912839,0.2272850986650627,0.0001,0.0001,0.5,256,2,32
run_038: lr: 0.0001 weight_decay: 0.0001 dropout: 0.5 hidden_dim: 256 layers_to_unfreeze: 2 batch_size: 64,0.9573773942327932,0.9223968565815324,0.1167983946111504,0.2339289801703923,0.0001,0.0001,0.5,256,2,64
run_039: lr: 0.0001 weight_decay: 0.0001 dropout: 0.5 hidden_dim: 256 layers_to_unfreeze: 3 batch_size: 32,0.9702167964639024,0.930746561886051,0.0802389039383376,0.2579094196115355,0.0001,0.0001,0.5,256,3,32
run_040: lr: 0.0001 weight_decay: 0.0001 dropout: 0.5 hidden_dim: 256 layers_to_unfreeze: 3 batch_size: 64,0.9625342033256156,0.930746561886051,0.0959094847736547,0.2382766597397435,0.0001,0.0001,0.5,256,3,64
run_041: lr: 0.0001 weight_decay: 0.0001 dropout: 0.6 hidden_dim: 128 layers_to_unfreeze: 2 batch_size: 32,0.9617975163123552,0.9223968565815324,0.1008343714944292,0.2747468311478674,0.0001,0.0001,0.6,128,2,32
run_042: lr: 0.0001 weight_decay: 0.0001 dropout: 0.6 hidden_dim: 128 layers_to_unfreeze: 2 batch_size: 64,0.9617975163123552,0.9209233791748526,0.1053186329311005,0.2496174897098353,0.0001,0.0001,0.6,128,2,64
run_043: lr: 0.0001 weight_decay: 0.0001 dropout: 0.6 hidden_dim: 128 layers_to_unfreeze: 3 batch_size: 32,0.97695222058514,0.9346758349705304,0.0626514287160913,0.2639852198525121,0.0001,0.0001,0.6,128,3,32
run_044: lr: 0.0001 weight_decay: 0.0001 dropout: 0.6 hidden_dim: 128 layers_to_unfreeze: 3 batch_size: 64,0.96579667438434,0.930746561886051,0.092419702916478,0.2339813323702465,0.0001,0.0001,0.6,128,3,64
run_045: lr: 0.0001 weight_decay: 0.0001 dropout: 0.6 hidden_dim: 256 layers_to_unfreeze: 2 batch_size: 32,0.9735845085245212,0.9238703339882122,0.0713594068822685,0.2697272579714451,0.0001,0.0001,0.6,256,2,32
run_046: lr: 0.0001 weight_decay: 0.0001 dropout: 0.6 hidden_dim: 256 layers_to_unfreeze: 2 batch_size: 64,0.946432330035782,0.9160117878192534,0.1371157176712642,0.2495713395547773,0.0001,0.0001,0.6,256,2,64
run_047: lr: 0.0001 weight_decay: 0.0001 dropout: 0.6 hidden_dim: 256 layers_to_unfreeze: 3 batch_size: 32,0.9708482424752684,0.9322200392927308,0.0766355941776626,0.2357070566043404,0.0001,0.0001,0.6,256,3,32
run_048: lr: 0.0001 weight_decay: 0.0001 dropout: 0.6 hidden_dim: 256 layers_to_unfreeze: 3 batch_size: 64,0.973900231530204,0.924361493123772,0.0713782700249532,0.2561739342971494,0.0001,0.0001,0.6,256,3,64
run_049: lr: 0.0001 weight_decay: 0.001 dropout: 0.4 hidden_dim: 128 layers_to_unfreeze: 2 batch_size: 32,0.9577983582403704,0.9223968565815324,0.1141614828786456,0.2400008314133627,0.0001,0.001,0.4,128,2,32
run_050: lr: 0.0001 weight_decay: 0.001 dropout: 0.4 hidden_dim: 128 layers_to_unfreeze: 2 batch_size: 64,0.9696905914544306,0.9238703339882122,0.0814975040918323,0.2625484369651273,0.0001,0.001,0.4,128,2,64
run_051: lr: 0.0001 weight_decay: 0.001 dropout: 0.4 hidden_dim: 128 layers_to_unfreeze: 3 batch_size: 32,0.9719006524942118,0.93664047151277,0.0744770526124618,0.2203993017260124,0.0001,0.001,0.4,128,3,32
run_052: lr: 0.0001 weight_decay: 0.001 dropout: 0.4 hidden_dim: 128 layers_to_unfreeze: 3 batch_size: 64,0.9643233003578192,0.9346758349705304,0.0935171007932838,0.225963482658849,0.0001,0.001,0.4,128,3,64
run_053: lr: 0.0001 weight_decay: 0.001 dropout: 0.4 hidden_dim: 256 layers_to_unfreeze: 2 batch_size: 32,0.9668490844032834,0.9228880157170922,0.0950642640394076,0.2497718384112496,0.0001,0.001,0.4,256,2,32
run_054: lr: 0.0001 weight_decay: 0.001 dropout: 0.4 hidden_dim: 256 layers_to_unfreeze: 2 batch_size: 64,0.9699010734582192,0.9219056974459724,0.0788566544024699,0.3189145220930309,0.0001,0.001,0.4,256,2,64
run_055: lr: 0.0001 weight_decay: 0.001 dropout: 0.4 hidden_dim: 256 layers_to_unfreeze: 3 batch_size: 32,0.9803199326457588,0.9341846758349704,0.0529929514530551,0.2177998363269101,0.0001,0.001,0.4,256,3,32
run_056: lr: 0.0001 weight_decay: 0.001 dropout: 0.4 hidden_dim: 256 layers_to_unfreeze: 3 batch_size: 64,0.9621132393180384,0.931237721021611,0.0992298424494841,0.1965283522554371,0.0001,0.001,0.4,256,3,64
run_057: lr: 0.0001 weight_decay: 0.001 dropout: 0.5 hidden_dim: 128 layers_to_unfreeze: 2 batch_size: 32,0.958324563249842,0.9165029469548132,0.105990513059101,0.2419585429849231,0.0001,0.001,0.5,128,2,32
run_058: lr: 0.0001 weight_decay: 0.001 dropout: 0.5 hidden_dim: 128 layers_to_unfreeze: 2 batch_size: 64,0.9627446853294044,0.9204322200392928,0.0986755857343323,0.2761264247545325,0.0001,0.001,0.5,128,2,64
run_059: lr: 0.0001 weight_decay: 0.001 dropout: 0.5 hidden_dim: 128 layers_to_unfreeze: 3 batch_size: 32,0.9660071563881288,0.93664047151277,0.0953580270939075,0.2258101313252346,0.0001,0.001,0.5,128,3,32
run_060: lr: 0.0001 weight_decay: 0.001 dropout: 0.5 hidden_dim: 128 layers_to_unfreeze: 3 batch_size: 64,0.961376552304778,0.9292730844793712,0.1015125110359649,0.2172792279298741,0.0001,0.001,0.5,128,3,64
run_061: lr: 0.0001 weight_decay: 0.001 dropout: 0.5 hidden_dim: 256 layers_to_unfreeze: 2 batch_size: 32,0.9627446853294044,0.9238703339882122,0.098613645849266,0.2464495840938011,0.0001,0.001,0.5,256,2,32
run_062: lr: 0.0001 weight_decay: 0.001 dropout: 0.5 hidden_dim: 256 layers_to_unfreeze: 2 batch_size: 64,0.9614817933066724,0.9214145383104124,0.105109116195428,0.2374527641445808,0.0001,0.001,0.5,256,2,64
run_063: lr: 0.0001 weight_decay: 0.001 dropout: 0.5 hidden_dim: 256 layers_to_unfreeze: 3 batch_size: 32,0.9725320985055778,0.9351669941060904,0.0756114021467424,0.2229098481051111,0.0001,0.001,0.5,256,3,32
run_064: lr: 0.0001 weight_decay: 0.001 dropout: 0.5 hidden_dim: 256 layers_to_unfreeze: 3 batch_size: 64,0.9733740265207323,0.9332023575638506,0.0703406003438104,0.3448621095514953,0.0001,0.001,0.5,256,3,64
run_065: lr: 0.0001 weight_decay: 0.001 dropout: 0.6 hidden_dim: 128 layers_to_unfreeze: 2 batch_size: 32,0.9640075773521364,0.9204322200392928,0.0929291375025313,0.2769715827843997,0.0001,0.001,0.6,128,2,32
run_066: lr: 0.0001 weight_decay: 0.001 dropout: 0.6 hidden_dim: 128 layers_to_unfreeze: 2 batch_size: 64,0.9711639654809512,0.9135559921414538,0.0810164128465668,0.2989412863502802,0.0001,0.001,0.6,128,2,64
run_067: lr: 0.0001 weight_decay: 0.001 dropout: 0.6 hidden_dim: 128 layers_to_unfreeze: 3 batch_size: 32,0.9767417385813512,0.9346758349705304,0.0642514856505948,0.2397310450995132,0.0001,0.001,0.6,128,3,32
run_068: lr: 0.0001 weight_decay: 0.001 dropout: 0.6 hidden_dim: 128 layers_to_unfreeze: 3 batch_size: 64,0.9597979372763628,0.9273084479371316,0.1050973711039387,0.2321169569590705,0.0001,0.001,0.6,128,3,64
run_069: lr: 0.0001 weight_decay: 0.001 dropout: 0.6 hidden_dim: 256 layers_to_unfreeze: 2 batch_size: 32,0.9630604083350872,0.9165029469548132,0.09480616249108,0.2898124412199837,0.0001,0.001,0.6,256,2,32
run_070: lr: 0.0001 weight_decay: 0.001 dropout: 0.6 hidden_dim: 256 layers_to_unfreeze: 2 batch_size: 64,0.9622184803199326,0.9204322200392928,0.1004369464888933,0.2432481920994335,0.0001,0.001,0.6,256,2,64
run_071: lr: 0.0001 weight_decay: 0.001 dropout: 0.6 hidden_dim: 256 layers_to_unfreeze: 3 batch_size: 32,0.972953062513155,0.9287819253438112,0.0704242360608197,0.2514032037354171,0.0001,0.001,0.6,256,3,32
run_072: lr: 0.0001 weight_decay: 0.001 dropout: 0.6 hidden_dim: 256 layers_to_unfreeze: 3 batch_size: 64,0.9641128183540308,0.9327111984282906,0.0946272375482389,0.2192024878996528,0.0001,0.001,0.6,256,3,64
run_073: lr: 0.0002 weight_decay: 0.0 dropout: 0.4 hidden_dim: 128 layers_to_unfreeze: 2 batch_size: 32,0.9642180593559252,0.9277996070726916,0.0908252471774484,0.260094649614016,0.0002,0.0,0.4,128,2,32
run_074: lr: 0.0002 weight_decay: 0.0 dropout: 0.4 hidden_dim: 128 layers_to_unfreeze: 2 batch_size: 64,0.9699010734582192,0.925343811394892,0.0772013970758743,0.2395205227530072,0.0002,0.0,0.4,128,2,64
run_075: lr: 0.0002 weight_decay: 0.0 dropout: 0.4 hidden_dim: 128 layers_to_unfreeze: 3 batch_size: 32,0.9655861923805514,0.9346758349705304,0.0921302860039356,0.2171464120284864,0.0002,0.0,0.4,128,3,32
run_076: lr: 0.0002 weight_decay: 0.0 dropout: 0.4 hidden_dim: 128 layers_to_unfreeze: 3 batch_size: 64,0.969480109450642,0.9282907662082516,0.0838425641319195,0.2600437791502077,0.0002,0.0,0.4,128,3,64
run_077: lr: 0.0002 weight_decay: 0.0 dropout: 0.4 hidden_dim: 256 layers_to_unfreeze: 2 batch_size: 32,0.9540096821721742,0.9287819253438112,0.1136156350273856,0.2256475179977642,0.0002,0.0,0.4,256,2,32
run_078: lr: 0.0002 weight_decay: 0.0 dropout: 0.4 hidden_dim: 256 layers_to_unfreeze: 2 batch_size: 64,0.9695853504525362,0.9214145383104124,0.0804720345678341,0.2557760765721147,0.0002,0.0,0.4,256,2,64
run_079: lr: 0.0002 weight_decay: 0.0 dropout: 0.4 hidden_dim: 256 layers_to_unfreeze: 3 batch_size: 32,0.9708482424752684,0.9351669941060904,0.0796498855635903,0.2364355875490222,0.0002,0.0,0.4,256,3,32
run_080: lr: 0.0002 weight_decay: 0.0 dropout: 0.4 hidden_dim: 256 layers_to_unfreeze: 3 batch_size: 64,0.9722163754998948,0.9332023575638506,0.072651721999736,0.2453252645630265,0.0002,0.0,0.4,256,3,64
run_081: lr: 0.0002 weight_decay: 0.0 dropout: 0.5 hidden_dim: 128 layers_to_unfreeze: 2 batch_size: 32,0.9722163754998948,0.9297642436149312,0.080689660698282,0.2269373144478718,0.0002,0.0,0.5,128,2,32
run_082: lr: 0.0002 weight_decay: 0.0 dropout: 0.5 hidden_dim: 128 layers_to_unfreeze: 2 batch_size: 64,0.9625342033256156,0.9199410609037328,0.0931090520833246,0.2690871179923561,0.0002,0.0,0.5,128,2,64
run_083: lr: 0.0002 weight_decay: 0.0 dropout: 0.5 hidden_dim: 128 layers_to_unfreeze: 3 batch_size: 32,0.980740896653336,0.93664047151277,0.0545742088655165,0.2910306987797288,0.0002,0.0,0.5,128,3,32
run_084: lr: 0.0002 weight_decay: 0.0 dropout: 0.5 hidden_dim: 128 layers_to_unfreeze: 3 batch_size: 64,0.9731635445169438,0.9302554027504912,0.0737332649830077,0.2521776363751274,0.0002,0.0,0.5,128,3,64
run_085: lr: 0.0002 weight_decay: 0.0 dropout: 0.5 hidden_dim: 256 layers_to_unfreeze: 2 batch_size: 32,0.9749526415491476,0.924852652259332,0.0693051796824044,0.2740636985229368,0.0002,0.0,0.5,256,2,32
run_086: lr: 0.0002 weight_decay: 0.0 dropout: 0.5 hidden_dim: 256 layers_to_unfreeze: 2 batch_size: 64,0.9684276994316986,0.925343811394892,0.0851112405068339,0.2378333922922025,0.0002,0.0,0.5,256,2,64
run_087: lr: 0.0002 weight_decay: 0.0 dropout: 0.5 hidden_dim: 256 layers_to_unfreeze: 3 batch_size: 32,0.9653757103767628,0.9351669941060904,0.092985666711593,0.2306584911549021,0.0002,0.0,0.5,256,3,32
run_088: lr: 0.0002 weight_decay: 0.0 dropout: 0.5 hidden_dim: 256 layers_to_unfreeze: 3 batch_size: 64,0.97137444748474,0.9351669941060904,0.0738502240513744,0.2738861274742659,0.0002,0.0,0.5,256,3,64
run_089: lr: 0.0002 weight_decay: 0.0 dropout: 0.6 hidden_dim: 128 layers_to_unfreeze: 2 batch_size: 32,0.9540096821721742,0.924361493123772,0.1198093148187144,0.2373089058460093,0.0002,0.0,0.6,128,2,32
run_090: lr: 0.0002 weight_decay: 0.0 dropout: 0.6 hidden_dim: 128 layers_to_unfreeze: 2 batch_size: 64,0.9541149231740684,0.9228880157170922,0.1192433398332226,0.2214204186540689,0.0002,0.0,0.6,128,2,64
run_091: lr: 0.0002 weight_decay: 0.0 dropout: 0.6 hidden_dim: 128 layers_to_unfreeze: 3 batch_size: 32,0.9622184803199326,0.930746561886051,0.1013150234108622,0.2427013466731153,0.0002,0.0,0.6,128,3,32
run_092: lr: 0.0002 weight_decay: 0.0 dropout: 0.6 hidden_dim: 128 layers_to_unfreeze: 3 batch_size: 64,0.9753736055567248,0.93614931237721,0.0679780484450237,0.2778108497031311,0.0002,0.0,0.6,128,3,64
run_093: lr: 0.0002 weight_decay: 0.0 dropout: 0.6 hidden_dim: 256 layers_to_unfreeze: 2 batch_size: 32,0.954535887181646,0.925343811394892,0.117305679024489,0.2264450996353022,0.0002,0.0,0.6,256,2,32
run_094: lr: 0.0002 weight_decay: 0.0 dropout: 0.6 hidden_dim: 256 layers_to_unfreeze: 2 batch_size: 64,0.9581140812460536,0.9302554027504912,0.111334431311145,0.2288809100162303,0.0002,0.0,0.6,256,2,64
run_095: lr: 0.0002 weight_decay: 0.0 dropout: 0.6 hidden_dim: 256 layers_to_unfreeze: 3 batch_size: 32,0.9643233003578192,0.9332023575638506,0.0979022256492113,0.2113328985503942,0.0002,0.0,0.6,256,3,32
run_096: lr: 0.0002 weight_decay: 0.0 dropout: 0.6 hidden_dim: 256 layers_to_unfreeze: 3 batch_size: 64,0.9712692064828456,0.9317288801571708,0.0780080933813056,0.2316764411617121,0.0002,0.0,0.6,256,3,64
run_097: lr: 0.0002 weight_decay: 0.0001 dropout: 0.4 hidden_dim: 128 layers_to_unfreeze: 2 batch_size: 32,0.9761102925699852,0.925343811394892,0.0670081883170207,0.2590820623199457,0.0002,0.0001,0.4,128,2,32
run_098: lr: 0.0002 weight_decay: 0.0001 dropout: 0.4 hidden_dim: 128 layers_to_unfreeze: 2 batch_size: 64,0.9705325194695852,0.924361493123772,0.0800328881859503,0.267250956158741,0.0002,0.0001,0.4,128,2,64
run_099: lr: 0.0002 weight_decay: 0.0001 dropout: 0.4 hidden_dim: 128 layers_to_unfreeze: 3 batch_size: 32,0.967059566407072,0.93664047151277,0.0948965756143803,0.2115737070678962,0.0002,0.0001,0.4,128,3,32
run_100: lr: 0.0002 weight_decay: 0.0001 dropout: 0.4 hidden_dim: 128 layers_to_unfreeze: 3 batch_size: 64,0.9777941486002948,0.9292730844793712,0.0595658171684384,0.2479504533331614,0.0002,0.0001,0.4,128,3,64
run_101: lr: 0.0002 weight_decay: 0.0001 dropout: 0.4 hidden_dim: 256 layers_to_unfreeze: 2 batch_size: 32,0.9605346242896232,0.9268172888015715,0.1053701254900468,0.2270663410483737,0.0002,0.0001,0.4,256,2,32
run_102: lr: 0.0002 weight_decay: 0.0001 dropout: 0.4 hidden_dim: 256 layers_to_unfreeze: 2 batch_size: 64,0.972005893496106,0.924852652259332,0.0751690079876182,0.2751247618779218,0.0002,0.0001,0.4,256,2,64
run_103: lr: 0.0002 weight_decay: 0.0001 dropout: 0.4 hidden_dim: 256 layers_to_unfreeze: 3 batch_size: 32,0.9774784255946116,0.9351669941060904,0.0631808567791393,0.2315576623664155,0.0002,0.0001,0.4,256,3,32
run_104: lr: 0.0002 weight_decay: 0.0001 dropout: 0.4 hidden_dim: 256 layers_to_unfreeze: 3 batch_size: 64,0.9762155335718796,0.9341846758349704,0.0657139284670716,0.2460495433486515,0.0002,0.0001,0.4,256,3,64
run_105: lr: 0.0002 weight_decay: 0.0001 dropout: 0.5 hidden_dim: 128 layers_to_unfreeze: 2 batch_size: 32,0.972005893496106,0.9322200392927308,0.0783836990083234,0.2602974299070643,0.0002,0.0001,0.5,128,2,32
run_106: lr: 0.0002 weight_decay: 0.0001 dropout: 0.5 hidden_dim: 128 layers_to_unfreeze: 2 batch_size: 64,0.9625342033256156,0.9238703339882122,0.0981425668999562,0.2714076808018862,0.0002,0.0001,0.5,128,2,64
run_107: lr: 0.0002 weight_decay: 0.0001 dropout: 0.5 hidden_dim: 128 layers_to_unfreeze: 3 batch_size: 32,0.9727425805093664,0.9341846758349704,0.0762439158242693,0.2468440593064768,0.0002,0.0001,0.5,128,3,32
run_108: lr: 0.0002 weight_decay: 0.0001 dropout: 0.5 hidden_dim: 128 layers_to_unfreeze: 3 batch_size: 64,0.9556935382024836,0.930746561886051,0.1175642252263207,0.1930215766539976,0.0002,0.0001,0.5,128,3,64
run_109: lr: 0.0002 weight_decay: 0.0001 dropout: 0.5 hidden_dim: 256 layers_to_unfreeze: 2 batch_size: 32,0.970743001473374,0.9297642436149312,0.0740084087394195,0.2377590911210403,0.0002,0.0001,0.5,256,2,32
run_110: lr: 0.0002 weight_decay: 0.0001 dropout: 0.5 hidden_dim: 256 layers_to_unfreeze: 2 batch_size: 64,0.9606398652915176,0.9184675834970528,0.1006192894932019,0.2619032660144251,0.0002,0.0001,0.5,256,2,64
run_111: lr: 0.0002 weight_decay: 0.0001 dropout: 0.5 hidden_dim: 256 layers_to_unfreeze: 3 batch_size: 32,0.967585771416544,0.9341846758349704,0.0922401798353888,0.2265160229562073,0.0002,0.0001,0.5,256,3,32
run_112: lr: 0.0002 weight_decay: 0.0001 dropout: 0.5 hidden_dim: 256 layers_to_unfreeze: 3 batch_size: 64,0.9680067354241212,0.930746561886051,0.0849347834372816,0.2355299847299317,0.0002,0.0001,0.5,256,3,64
run_113: lr: 0.0002 weight_decay: 0.0001 dropout: 0.6 hidden_dim: 128 layers_to_unfreeze: 2 batch_size: 32,0.948642391075563,0.9204322200392928,0.1333718016175966,0.2234938181278045,0.0002,0.0001,0.6,128,2,32
run_114: lr: 0.0002 weight_decay: 0.0001 dropout: 0.6 hidden_dim: 128 layers_to_unfreeze: 2 batch_size: 64,0.9537992001683856,0.9219056974459724,0.1190123519121383,0.2170993660545536,0.0002,0.0001,0.6,128,2,64
run_115: lr: 0.0002 weight_decay: 0.0001 dropout: 0.6 hidden_dim: 128 layers_to_unfreeze: 3 batch_size: 32,0.9714796884866344,0.9341846758349704,0.0783627977980121,0.2420862807301266,0.0002,0.0001,0.6,128,3,32
run_116: lr: 0.0002 weight_decay: 0.0001 dropout: 0.6 hidden_dim: 128 layers_to_unfreeze: 3 batch_size: 64,0.9619027573142496,0.9351669941060904,0.1023054765704003,0.21916049534422,0.0002,0.0001,0.6,128,3,64
run_117: lr: 0.0002 weight_decay: 0.0001 dropout: 0.6 hidden_dim: 256 layers_to_unfreeze: 2 batch_size: 32,0.9625342033256156,0.9263261296660116,0.0946056286425458,0.2248197174932961,0.0002,0.0001,0.6,256,2,32
run_118: lr: 0.0002 weight_decay: 0.0001 dropout: 0.6 hidden_dim: 256 layers_to_unfreeze: 2 batch_size: 64,0.9605346242896232,0.9302554027504912,0.1011519228647104,0.2611394968974332,0.0002,0.0001,0.6,256,2,64
run_119: lr: 0.0002 weight_decay: 0.0001 dropout: 0.6 hidden_dim: 256 layers_to_unfreeze: 3 batch_size: 32,0.9646390233635024,0.9297642436149312,0.0958788318163945,0.2010251835047145,0.0002,0.0001,0.6,256,3,32
run_120: lr: 0.0002 weight_decay: 0.0001 dropout: 0.6 hidden_dim: 256 layers_to_unfreeze: 3 batch_size: 64,0.967059566407072,0.9356581532416502,0.087879516912961,0.1964550462125092,0.0002,0.0001,0.6,256,3,64
run_121: lr: 0.0002 weight_decay: 0.001 dropout: 0.4 hidden_dim: 128 layers_to_unfreeze: 2 batch_size: 32,0.966428120395706,0.9268172888015715,0.0953777154201496,0.2392567476085689,0.0002,0.001,0.4,128,2,32
run_122: lr: 0.0002 weight_decay: 0.001 dropout: 0.4 hidden_dim: 128 layers_to_unfreeze: 2 batch_size: 64,0.9695853504525362,0.9209233791748526,0.0722177813781911,0.3305064077344531,0.0002,0.001,0.4,128,2,64
run_123: lr: 0.0002 weight_decay: 0.001 dropout: 0.4 hidden_dim: 128 layers_to_unfreeze: 3 batch_size: 32,0.9730583035150494,0.9415520628683692,0.0752848116294807,0.2104440490643847,0.0002,0.001,0.4,128,3,32
run_124: lr: 0.0002 weight_decay: 0.001 dropout: 0.4 hidden_dim: 128 layers_to_unfreeze: 3 batch_size: 64,0.9661123973900232,0.9341846758349704,0.0912316071312193,0.2014630509792938,0.0002,0.001,0.4,128,3,64
run_125: lr: 0.0002 weight_decay: 0.001 dropout: 0.4 hidden_dim: 256 layers_to_unfreeze: 2 batch_size: 32,0.9649547463691854,0.9233791748526522,0.0910490742523691,0.2461818908954182,0.0002,0.001,0.4,256,2,32
run_126: lr: 0.0002 weight_decay: 0.001 dropout: 0.4 hidden_dim: 256 layers_to_unfreeze: 2 batch_size: 64,0.9641128183540308,0.924852652259332,0.0974359050239419,0.2323943902326707,0.0002,0.001,0.4,256,2,64
run_127: lr: 0.0002 weight_decay: 0.001 dropout: 0.4 hidden_dim: 256 layers_to_unfreeze: 3 batch_size: 32,0.9695853504525362,0.9346758349705304,0.0765388971349485,0.2561464860947521,0.0002,0.001,0.4,256,3,32
run_128: lr: 0.0002 weight_decay: 0.001 dropout: 0.4 hidden_dim: 256 layers_to_unfreeze: 3 batch_size: 64,0.9781098716059776,0.9327111984282906,0.0619631914609709,0.2523184162811586,0.0002,0.001,0.4,256,3,64
run_129: lr: 0.0002 weight_decay: 0.001 dropout: 0.5 hidden_dim: 128 layers_to_unfreeze: 2 batch_size: 32,0.9553778151968008,0.9233791748526522,0.1160994760035038,0.2111614510080318,0.0002,0.001,0.5,128,2,32
run_130: lr: 0.0002 weight_decay: 0.001 dropout: 0.5 hidden_dim: 128 layers_to_unfreeze: 2 batch_size: 64,0.949589560092612,0.9223968565815324,0.1299060262070031,0.2118246866232754,0.0002,0.001,0.5,128,2,64
run_131: lr: 0.0002 weight_decay: 0.001 dropout: 0.5 hidden_dim: 128 layers_to_unfreeze: 3 batch_size: 32,0.9674805304146497,0.9346758349705304,0.0857611870833432,0.2426787880789086,0.0002,0.001,0.5,128,3,32
run_132: lr: 0.0002 weight_decay: 0.001 dropout: 0.5 hidden_dim: 128 layers_to_unfreeze: 3 batch_size: 64,0.9719006524942118,0.9317288801571708,0.0765560813996195,0.2164187702425336,0.0002,0.001,0.5,128,3,64
run_133: lr: 0.0002 weight_decay: 0.001 dropout: 0.5 hidden_dim: 256 layers_to_unfreeze: 2 batch_size: 32,0.96579667438434,0.9238703339882122,0.0899132396441664,0.2677074324610425,0.0002,0.001,0.5,256,2,32
run_134: lr: 0.0002 weight_decay: 0.001 dropout: 0.5 hidden_dim: 256 layers_to_unfreeze: 2 batch_size: 64,0.9674805304146497,0.9292730844793712,0.0850363143715224,0.2458411410655863,0.0002,0.001,0.5,256,2,64
run_135: lr: 0.0002 weight_decay: 0.001 dropout: 0.5 hidden_dim: 256 layers_to_unfreeze: 3 batch_size: 32,0.9563249842138496,0.9322200392927308,0.1134753784737576,0.2007529410315871,0.0002,0.001,0.5,256,3,32
run_136: lr: 0.0002 weight_decay: 0.001 dropout: 0.5 hidden_dim: 256 layers_to_unfreeze: 3 batch_size: 64,0.9659019153862344,0.93614931237721,0.0876672892254751,0.2187403213591379,0.0002,0.001,0.5,256,3,64
run_137: lr: 0.0002 weight_decay: 0.001 dropout: 0.6 hidden_dim: 128 layers_to_unfreeze: 2 batch_size: 32,0.9605346242896232,0.9297642436149312,0.1017030927977344,0.2267204118500992,0.0002,0.001,0.6,128,2,32
run_138: lr: 0.0002 weight_decay: 0.001 dropout: 0.6 hidden_dim: 128 layers_to_unfreeze: 2 batch_size: 64,0.964533782361608,0.9273084479371316,0.0937356677410527,0.2523235361913332,0.0002,0.001,0.6,128,2,64
run_139: lr: 0.0002 weight_decay: 0.001 dropout: 0.6 hidden_dim: 128 layers_to_unfreeze: 3 batch_size: 32,0.9615870343085666,0.9341846758349704,0.1056141788549635,0.2326407423334412,0.0002,0.001,0.6,128,3,32
run_140: lr: 0.0002 weight_decay: 0.001 dropout: 0.6 hidden_dim: 128 layers_to_unfreeze: 3 batch_size: 64,0.969480109450642,0.9332023575638506,0.0843685745037943,0.2328892127118551,0.0002,0.001,0.6,128,3,64
run_141: lr: 0.0002 weight_decay: 0.001 dropout: 0.6 hidden_dim: 256 layers_to_unfreeze: 2 batch_size: 32,0.9544306461797516,0.9184675834970528,0.1158338620273897,0.2373459271222997,0.0002,0.001,0.6,256,2,32
run_142: lr: 0.0002 weight_decay: 0.001 dropout: 0.6 hidden_dim: 256 layers_to_unfreeze: 2 batch_size: 64,0.9677962534203324,0.9214145383104124,0.0832612526147673,0.2681575469628767,0.0002,0.001,0.6,256,2,64
run_143: lr: 0.0002 weight_decay: 0.001 dropout: 0.6 hidden_dim: 256 layers_to_unfreeze: 3 batch_size: 32,0.9712692064828456,0.9327111984282906,0.074305615594665,0.2203133969123096,0.0002,0.001,0.6,256,3,32
run_144: lr: 0.0002 weight_decay: 0.001 dropout: 0.6 hidden_dim: 256 layers_to_unfreeze: 3 batch_size: 64,0.9636918543464532,0.9346758349705304,0.0941338150253724,0.2810070130147025,0.0002,0.001,0.6,256,3,64
run_145: lr: 0.0005 weight_decay: 0.0 dropout: 0.4 hidden_dim: 128 layers_to_unfreeze: 2 batch_size: 32,0.955798779204378,0.925343811394892,0.1150175923259289,0.2531208028259352,0.0005,0.0,0.4,128,2,32
run_146: lr: 0.0005 weight_decay: 0.0 dropout: 0.4 hidden_dim: 128 layers_to_unfreeze: 2 batch_size: 64,0.9597979372763628,0.9258349705304518,0.1071061846131501,0.2194413867704058,0.0005,0.0,0.4,128,2,64
run_147: lr: 0.0005 weight_decay: 0.0 dropout: 0.4 hidden_dim: 128 layers_to_unfreeze: 3 batch_size: 32,0.9661123973900232,0.9410609037328094,0.0928646780713574,0.1991024187423859,0.0005,0.0,0.4,128,3,32
run_148: lr: 0.0005 weight_decay: 0.0 dropout: 0.4 hidden_dim: 128 layers_to_unfreeze: 3 batch_size: 64,0.9602189012839402,0.93811394891945,0.1083274826554844,0.1953380631908686,0.0005,0.0,0.4,128,3,64
run_149: lr: 0.0005 weight_decay: 0.0 dropout: 0.4 hidden_dim: 256 layers_to_unfreeze: 2 batch_size: 32,0.9672700484108608,0.9263261296660116,0.0852524743081581,0.2414426048138052,0.0005,0.0,0.4,256,2,32
run_150: lr: 0.0005 weight_decay: 0.0 dropout: 0.4 hidden_dim: 256 layers_to_unfreeze: 2 batch_size: 64,0.9667438434013892,0.9302554027504912,0.0907625493059733,0.2343277999717735,0.0005,0.0,0.4,256,2,64
run_151: lr: 0.0005 weight_decay: 0.0 dropout: 0.4 hidden_dim: 256 layers_to_unfreeze: 3 batch_size: 32,0.9505367291096612,0.93664047151277,0.1350856930099018,0.2019993253271799,0.0005,0.0,0.4,256,3,32
run_152: lr: 0.0005 weight_decay: 0.0 dropout: 0.4 hidden_dim: 256 layers_to_unfreeze: 3 batch_size: 64,0.9671648074089664,0.9341846758349704,0.0894094372587288,0.2115232631242111,0.0005,0.0,0.4,256,3,64
run_153: lr: 0.0005 weight_decay: 0.0 dropout: 0.5 hidden_dim: 128 layers_to_unfreeze: 2 batch_size: 32,0.9619027573142496,0.9233791748526522,0.1031976781975241,0.2257169288251922,0.0005,0.0,0.5,128,2,32
run_154: lr: 0.0005 weight_decay: 0.0 dropout: 0.5 hidden_dim: 128 layers_to_unfreeze: 2 batch_size: 64,0.9730583035150494,0.9287819253438112,0.0697807021795059,0.2630818518416586,0.0005,0.0,0.5,128,2,64
run_155: lr: 0.0005 weight_decay: 0.0 dropout: 0.5 hidden_dim: 128 layers_to_unfreeze: 3 batch_size: 32,0.9648495053672912,0.9415520628683692,0.0936912090727917,0.2096971353490366,0.0005,0.0,0.5,128,3,32
run_156: lr: 0.0005 weight_decay: 0.0 dropout: 0.5 hidden_dim: 128 layers_to_unfreeze: 3 batch_size: 64,0.9594822142706798,0.9400785854616897,0.1088705095547772,0.1809597677589633,0.0005,0.0,0.5,128,3,64
run_157: lr: 0.0005 weight_decay: 0.0 dropout: 0.5 hidden_dim: 256 layers_to_unfreeze: 2 batch_size: 32,0.9537992001683856,0.9287819253438112,0.1179567948579662,0.22486277734074,0.0005,0.0,0.5,256,2,32
run_158: lr: 0.0005 weight_decay: 0.0 dropout: 0.5 hidden_dim: 256 layers_to_unfreeze: 2 batch_size: 64,0.9469585350452536,0.925343811394892,0.1361507703802054,0.204754664205849,0.0005,0.0,0.5,256,2,64
run_159: lr: 0.0005 weight_decay: 0.0 dropout: 0.5 hidden_dim: 256 layers_to_unfreeze: 3 batch_size: 32,0.9537992001683856,0.9390962671905696,0.130811846722329,0.1877476823587548,0.0005,0.0,0.5,256,3,32
run_160: lr: 0.0005 weight_decay: 0.0 dropout: 0.5 hidden_dim: 256 layers_to_unfreeze: 3 batch_size: 64,0.9649547463691854,0.93762278978389,0.0960968174581351,0.2095517497399935,0.0005,0.0,0.5,256,3,64
run_161: lr: 0.0005 weight_decay: 0.0 dropout: 0.6 hidden_dim: 128 layers_to_unfreeze: 2 batch_size: 32,0.95706167122711,0.9287819253438112,0.1077922233800854,0.2425277556909325,0.0005,0.0,0.6,128,2,32
run_162: lr: 0.0005 weight_decay: 0.0 dropout: 0.6 hidden_dim: 128 layers_to_unfreeze: 2 batch_size: 64,0.9655861923805514,0.9268172888015715,0.0933909312539842,0.2951047257730675,0.0005,0.0,0.6,128,2,64
run_163: lr: 0.0005 weight_decay: 0.0 dropout: 0.6 hidden_dim: 128 layers_to_unfreeze: 3 batch_size: 32,0.9575878762365816,0.9351669941060904,0.1176258462575881,0.2132446075293778,0.0005,0.0,0.6,128,3,32
run_164: lr: 0.0005 weight_decay: 0.0 dropout: 0.6 hidden_dim: 128 layers_to_unfreeze: 3 batch_size: 64,0.9588507682593138,0.931237721021611,0.1136017983684826,0.2046190636682604,0.0005,0.0,0.6,128,3,64
run_165: lr: 0.0005 weight_decay: 0.0 dropout: 0.6 hidden_dim: 256 layers_to_unfreeze: 2 batch_size: 32,0.9643233003578192,0.9322200392927308,0.0915538803247922,0.2170159211400567,0.0005,0.0,0.6,256,2,32
run_166: lr: 0.0005 weight_decay: 0.0 dropout: 0.6 hidden_dim: 256 layers_to_unfreeze: 2 batch_size: 64,0.9671648074089664,0.9336935166994106,0.0852392976609603,0.2698983286007916,0.0005,0.0,0.6,256,2,64
run_167: lr: 0.0005 weight_decay: 0.0 dropout: 0.6 hidden_dim: 256 layers_to_unfreeze: 3 batch_size: 32,0.9631656493369816,0.93713163064833,0.1018555456659927,0.1992980421013939,0.0005,0.0,0.6,256,3,32
run_168: lr: 0.0005 weight_decay: 0.0 dropout: 0.6 hidden_dim: 256 layers_to_unfreeze: 3 batch_size: 64,0.9526415491475478,0.9386051080550096,0.1273005721858114,0.1937746886010254,0.0005,0.0,0.6,256,3,64
run_169: lr: 0.0005 weight_decay: 0.0001 dropout: 0.4 hidden_dim: 128 layers_to_unfreeze: 2 batch_size: 32,0.955483056198695,0.9287819253438112,0.1142541608890591,0.2245242207481257,0.0005,0.0001,0.4,128,2,32
run_170: lr: 0.0005 weight_decay: 0.0001 dropout: 0.4 hidden_dim: 128 layers_to_unfreeze: 2 batch_size: 64,0.9683224584298042,0.9277996070726916,0.081776744612165,0.2373228492343355,0.0005,0.0001,0.4,128,2,64
run_171: lr: 0.0005 weight_decay: 0.0001 dropout: 0.4 hidden_dim: 128 layers_to_unfreeze: 3 batch_size: 32,0.9642180593559252,0.93664047151277,0.0936377789810303,0.2233776462891949,0.0005,0.0001,0.4,128,3,32
run_172: lr: 0.0005 weight_decay: 0.0001 dropout: 0.4 hidden_dim: 128 layers_to_unfreeze: 3 batch_size: 64,0.968848663439276,0.93664047151277,0.0835594620435671,0.2326224951296752,0.0005,0.0001,0.4,128,3,64
run_173: lr: 0.0005 weight_decay: 0.0001 dropout: 0.4 hidden_dim: 256 layers_to_unfreeze: 2 batch_size: 32,0.9406440749315932,0.9233791748526522,0.1563658667373496,0.2093308725648638,0.0005,0.0001,0.4,256,2,32
run_174: lr: 0.0005 weight_decay: 0.0001 dropout: 0.4 hidden_dim: 256 layers_to_unfreeze: 2 batch_size: 64,0.9633761313407704,0.9302554027504912,0.0921780772239026,0.2494279905011939,0.0005,0.0001,0.4,256,2,64
run_175: lr: 0.0005 weight_decay: 0.0001 dropout: 0.4 hidden_dim: 256 layers_to_unfreeze: 3 batch_size: 32,0.9653757103767628,0.93762278978389,0.0899026823565097,0.2191258201371944,0.0005,0.0001,0.4,256,3,32
run_176: lr: 0.0005 weight_decay: 0.0001 dropout: 0.4 hidden_dim: 256 layers_to_unfreeze: 3 batch_size: 64,0.9504314881077668,0.9327111984282906,0.1295094423214025,0.2135095463988823,0.0005,0.0001,0.4,256,3,64
run_177: lr: 0.0005 weight_decay: 0.0001 dropout: 0.5 hidden_dim: 128 layers_to_unfreeze: 2 batch_size: 32,0.9648495053672912,0.930746561886051,0.096147600463367,0.2465418992172524,0.0005,0.0001,0.5,128,2,32
run_178: lr: 0.0005 weight_decay: 0.0001 dropout: 0.5 hidden_dim: 128 layers_to_unfreeze: 2 batch_size: 64,0.9764260155756682,0.9317288801571708,0.064123397774585,0.2978312938761383,0.0005,0.0001,0.5,128,2,64
run_179: lr: 0.0005 weight_decay: 0.0001 dropout: 0.5 hidden_dim: 128 layers_to_unfreeze: 3 batch_size: 32,0.967585771416544,0.9351669941060904,0.0932151940236641,0.2202766385763766,0.0005,0.0001,0.5,128,3,32
run_180: lr: 0.0005 weight_decay: 0.0001 dropout: 0.5 hidden_dim: 128 layers_to_unfreeze: 3 batch_size: 64,0.974426436539676,0.93664047151277,0.0718956964219452,0.236344180693795,0.0005,0.0001,0.5,128,3,64
run_181: lr: 0.0005 weight_decay: 0.0001 dropout: 0.5 hidden_dim: 256 layers_to_unfreeze: 2 batch_size: 32,0.969480109450642,0.9297642436149312,0.0776903248991691,0.256198472293983,0.0005,0.0001,0.5,256,2,32
run_182: lr: 0.0005 weight_decay: 0.0001 dropout: 0.5 hidden_dim: 256 layers_to_unfreeze: 2 batch_size: 64,0.9655861923805514,0.9332023575638506,0.0900259439801509,0.2133888753903169,0.0005,0.0001,0.5,256,2,64
run_183: lr: 0.0005 weight_decay: 0.0001 dropout: 0.5 hidden_dim: 256 layers_to_unfreeze: 3 batch_size: 32,0.9696905914544306,0.9400785854616897,0.0808194586781734,0.2177647459293278,0.0005,0.0001,0.5,256,3,32
run_184: lr: 0.0005 weight_decay: 0.0001 dropout: 0.5 hidden_dim: 256 layers_to_unfreeze: 3 batch_size: 64,0.9752683645548306,0.93614931237721,0.0698516855408011,0.2285824269349073,0.0005,0.0001,0.5,256,3,64
run_185: lr: 0.0005 weight_decay: 0.0001 dropout: 0.6 hidden_dim: 128 layers_to_unfreeze: 2 batch_size: 32,0.9540096821721742,0.9282907662082516,0.1194038166019809,0.2013674937554567,0.0005,0.0001,0.6,128,2,32
run_186: lr: 0.0005 weight_decay: 0.0001 dropout: 0.6 hidden_dim: 128 layers_to_unfreeze: 2 batch_size: 64,0.96263944432751,0.9223968565815324,0.0968595712403138,0.2379396982886233,0.0005,0.0001,0.6,128,2,64
run_187: lr: 0.0005 weight_decay: 0.0001 dropout: 0.6 hidden_dim: 128 layers_to_unfreeze: 3 batch_size: 32,0.956114502210061,0.9332023575638506,0.1210512913680407,0.2344518835365421,0.0005,0.0001,0.6,128,3,32
run_188: lr: 0.0005 weight_decay: 0.0001 dropout: 0.6 hidden_dim: 128 layers_to_unfreeze: 3 batch_size: 64,0.9527467901494422,0.9351669941060904,0.1266711487545951,0.2114974438178047,0.0005,0.0001,0.6,128,3,64
run_189: lr: 0.0005 weight_decay: 0.0001 dropout: 0.6 hidden_dim: 256 layers_to_unfreeze: 2 batch_size: 32,0.9449589560092612,0.930746561886051,0.1436665847629365,0.2165419510574846,0.0005,0.0001,0.6,256,2,32
run_190: lr: 0.0005 weight_decay: 0.0001 dropout: 0.6 hidden_dim: 256 layers_to_unfreeze: 2 batch_size: 64,0.9685329404335928,0.931237721021611,0.0814769442154592,0.2525748129209507,0.0005,0.0001,0.6,256,2,64
run_191: lr: 0.0005 weight_decay: 0.0001 dropout: 0.6 hidden_dim: 256 layers_to_unfreeze: 3 batch_size: 32,0.9671648074089664,0.9390962671905696,0.0954208557802334,0.2231368467153172,0.0005,0.0001,0.6,256,3,32
run_192: lr: 0.0005 weight_decay: 0.0001 dropout: 0.6 hidden_dim: 256 layers_to_unfreeze: 3 batch_size: 64,0.9787413176173436,0.9341846758349704,0.0636065043062065,0.2709531585570637,0.0005,0.0001,0.6,256,3,64
run_193: lr: 0.0005 weight_decay: 0.001 dropout: 0.4 hidden_dim: 128 layers_to_unfreeze: 2 batch_size: 32,0.9527467901494422,0.9282907662082516,0.1252086968362093,0.2191616474762412,0.0005,0.001,0.4,128,2,32
run_194: lr: 0.0005 weight_decay: 0.001 dropout: 0.4 hidden_dim: 128 layers_to_unfreeze: 2 batch_size: 64,0.9468532940433592,0.924852652259332,0.1393448620394791,0.2389934530778109,0.0005,0.001,0.4,128,2,64
run_195: lr: 0.0005 weight_decay: 0.001 dropout: 0.4 hidden_dim: 128 layers_to_unfreeze: 3 batch_size: 32,0.9659019153862344,0.9386051080550096,0.0905019931171353,0.1915128619386311,0.0005,0.001,0.4,128,3,32
run_196: lr: 0.0005 weight_decay: 0.001 dropout: 0.4 hidden_dim: 128 layers_to_unfreeze: 3 batch_size: 64,0.972005893496106,0.93713163064833,0.0776370619126707,0.2253913218942278,0.0005,0.001,0.4,128,3,64
run_197: lr: 0.0005 weight_decay: 0.001 dropout: 0.4 hidden_dim: 256 layers_to_unfreeze: 2 batch_size: 32,0.9625342033256156,0.9292730844793712,0.098601340794345,0.2528981700803067,0.0005,0.001,0.4,256,2,32
run_198: lr: 0.0005 weight_decay: 0.001 dropout: 0.4 hidden_dim: 256 layers_to_unfreeze: 2 batch_size: 64,0.95390444117028,0.9258349705304518,0.121305271456227,0.2476360933719777,0.0005,0.001,0.4,256,2,64
run_199: lr: 0.0005 weight_decay: 0.001 dropout: 0.4 hidden_dim: 256 layers_to_unfreeze: 3 batch_size: 32,0.972953062513155,0.9405697445972494,0.0734500961624818,0.2168330688153948,0.0005,0.001,0.4,256,3,32
run_200: lr: 0.0005 weight_decay: 0.001 dropout: 0.4 hidden_dim: 256 layers_to_unfreeze: 3 batch_size: 64,0.9597979372763628,0.9346758349705304,0.1039203586928362,0.2227590234551308,0.0005,0.001,0.4,256,3,64
run_201: lr: 0.0005 weight_decay: 0.001 dropout: 0.5 hidden_dim: 128 layers_to_unfreeze: 2 batch_size: 32,0.9487476320774574,0.9263261296660116,0.1317984274429939,0.2076099502372835,0.0005,0.001,0.5,128,2,32
run_202: lr: 0.0005 weight_decay: 0.001 dropout: 0.5 hidden_dim: 128 layers_to_unfreeze: 2 batch_size: 64,0.9686381814354872,0.9336935166994106,0.0824140238102625,0.2498112552468107,0.0005,0.001,0.5,128,2,64
run_203: lr: 0.0005 weight_decay: 0.001 dropout: 0.5 hidden_dim: 128 layers_to_unfreeze: 3 batch_size: 32,0.9661123973900232,0.9410609037328094,0.0913192648036784,0.2072130491323988,0.0005,0.001,0.5,128,3,32
run_204: lr: 0.0005 weight_decay: 0.001 dropout: 0.5 hidden_dim: 128 layers_to_unfreeze: 3 batch_size: 64,0.9734792675226268,0.9400785854616897,0.0702138866682701,0.2290681690153298,0.0005,0.001,0.5,128,3,64
run_205: lr: 0.0005 weight_decay: 0.001 dropout: 0.5 hidden_dim: 256 layers_to_unfreeze: 2 batch_size: 32,0.972321616501789,0.9317288801571708,0.0751179765962445,0.2327698863793918,0.0005,0.001,0.5,256,2,32
run_206: lr: 0.0005 weight_decay: 0.001 dropout: 0.5 hidden_dim: 256 layers_to_unfreeze: 2 batch_size: 64,0.9587455272574196,0.9302554027504912,0.1073660403772344,0.2841740538657062,0.0005,0.001,0.5,256,2,64
run_207: lr: 0.0005 weight_decay: 0.001 dropout: 0.5 hidden_dim: 256 layers_to_unfreeze: 3 batch_size: 32,0.9725320985055778,0.93762278978389,0.0761977643961719,0.231649977431316,0.0005,0.001,0.5,256,3,32
run_208: lr: 0.0005 weight_decay: 0.001 dropout: 0.5 hidden_dim: 256 layers_to_unfreeze: 3 batch_size: 64,0.95706167122711,0.930746561886051,0.1150318916359341,0.2040778233986238,0.0005,0.001,0.5,256,3,64
run_209: lr: 0.0005 weight_decay: 0.001 dropout: 0.6 hidden_dim: 128 layers_to_unfreeze: 2 batch_size: 32,0.9594822142706798,0.931237721021611,0.1094979976676914,0.2426307464571036,0.0005,0.001,0.6,128,2,32
run_210: lr: 0.0005 weight_decay: 0.001 dropout: 0.6 hidden_dim: 128 layers_to_unfreeze: 2 batch_size: 64,0.955483056198695,0.9273084479371316,0.1170118690047501,0.2236816510265374,0.0005,0.001,0.6,128,2,64
run_211: lr: 0.0005 weight_decay: 0.001 dropout: 0.6 hidden_dim: 128 layers_to_unfreeze: 3 batch_size: 32,0.97137444748474,0.9386051080550096,0.0830476213363415,0.2148402706959627,0.0005,0.001,0.6,128,3,32
run_212: lr: 0.0005 weight_decay: 0.001 dropout: 0.6 hidden_dim: 128 layers_to_unfreeze: 3 batch_size: 64,0.9534834771627025,0.9415520628683692,0.12325277549499487,0.17975612103295,0.0005,0.001,0.6,128,3,64
run_213: lr: 0.0005 weight_decay: 0.001 dropout: 0.6 hidden_dim: 256 layers_to_unfreeze: 2 batch_size: 32,0.9564302252157441,0.9297642436149312,0.11131004293644661,0.2360873829522161,0.0005,0.001,0.6,256,2,32
run_214: lr: 0.0005 weight_decay: 0.001 dropout: 0.6 hidden_dim: 256 layers_to_unfreeze: 2 batch_size: 64,0.9628499263312986,0.9287819253438113,0.09880382040518679,0.22284755459117514,0.0005,0.001,0.6,256,2,64
run_215: lr: 0.0005 weight_decay: 0.001 dropout: 0.6 hidden_dim: 256 layers_to_unfreeze: 3 batch_size: 32,0.9463270890338875,0.9361493123772101,0.14437239909424227,0.21749524412080207,0.0005,0.001,0.6,256,3,32
run_216: lr: 0.0005 weight_decay: 0.001 dropout: 0.6 hidden_dim: 256 layers_to_unfreeze: 3 batch_size: 64,0.9500105241001894,0.931237721021611,0.13075897762353134,0.20682457645656083,0.0005,0.001,0.6,256,3,64
